{
  "LeftCollapsed": false,
  "RightCollapsed": true,
  "LeftWidth": 280,
  "RightWidth": 360,
  "LastFolder": "C:\\Users\\\u77F3\u6977\u8CE2\\Desktop\\\u8CC7\u6599\u5716\u66F8\u9928",
  "ColumnWidths": {
    "\u6A94\u540D": 231.19999999999993,
    "\u526F\u6A94\u540D": 64,
    "\u5C08\u6848": 83.19999999999993,
    "\u985E\u578B/\u6A19\u7C64": 192.0000000000008
  },
  "LogHeight": 110,
  "LogExpanded": false
}