{
  "LeftCollapsed": false,
  "RightCollapsed": false,
  "LeftWidth": 280,
  "RightWidth": 360,
  "LastFolder": "C:\\Users\\\u77F3\u6977\u8CE2\\Desktop\\\u8CC7\u6599\u5716\u66F8\u9928\\2025\\10\\AI.KB.Assistant \u5C08\u984C\\\u6587\u4EF6",
  "ColumnWidths": {
    "\u6A94\u540D": 176.8,
    "\u526F\u6A94\u540D": 80,
    "\u5C08\u6848": 90.39999999999998,
    "\u985E\u5225": 140,
    "\u4FE1\u5FC3": 80,
    "\u72C0\u614B": 120,
    "\u8DEF\u5F91": 420,
    "\u985E\u578B/\u6A19\u7C64": 80.79999999999995,
    "\u9810\u8A08\u8DEF\u5F91": 360,
    "\u9810\u8A08\u5206\u985E\u8DEF\u5F91": 293.6000000000007
  },
  "LogHeight": 110.00000000000001,
  "LogExpanded": false
}